{"cameraMode":{"drawMode":0,"name":"Shaded","section":"Shading Mode"},"sceneLighting":true,"audioPlay":false,"sceneViewState":{"showFog":false,"showMaterialUpdate":false,"showSkybox":true,"showFlares":true,"showImageEffects":true,"showParticleSystems":true},"in2DMode":false,"pivot":{"x":6.046515464782715,"y":2.1696715354919435,"z":-15.768288612365723},"rotation":{"x":-0.23161852359771729,"y":0.047249797731637958,"z":-0.011254502460360527,"w":-0.9715933799743652},"size":1.059837818145752,"orthographic":false}