{"cameraMode":{"drawMode":0,"name":"Shaded","section":"Shading Mode"},"sceneLighting":true,"audioPlay":false,"sceneViewState":{"showFog":false,"showMaterialUpdate":false,"showSkybox":true,"showFlares":true,"showImageEffects":true,"showParticleSystems":true},"in2DMode":false,"pivot":{"x":0.8277608156204224,"y":-77.37071228027344,"z":-17.880342483520509},"rotation":{"x":-0.016957521438598634,"y":0.3386978209018707,"z":-0.006098023150116205,"w":-0.940722644329071},"size":1.1676658391952515,"orthographic":false}