{"cameraMode":{"drawMode":0,"name":"Shaded","section":"Shading Mode"},"sceneLighting":false,"audioPlay":false,"sceneViewState":{"showFog":false,"showMaterialUpdate":false,"showSkybox":true,"showFlares":true,"showImageEffects":true,"showParticleSystems":true},"in2DMode":false,"pivot":{"x":3.941030263900757,"y":2.4161911010742189,"z":-17.86602020263672},"rotation":{"x":-0.12620079517364503,"y":-0.12258762121200562,"z":0.015724940225481988,"w":-0.9842755794525147},"size":5.715767860412598,"orthographic":false}