{"cameraMode":{"drawMode":0,"name":"Shaded","section":"Shading Mode"},"sceneLighting":false,"audioPlay":false,"sceneViewState":{"showFog":false,"showMaterialUpdate":false,"showSkybox":true,"showFlares":true,"showImageEffects":true,"showParticleSystems":true},"in2DMode":false,"pivot":{"x":0.0008559338748455048,"y":0.03305599093437195,"z":-0.0031321197748184206},"rotation":{"x":0.2716890275478363,"y":0.18477824330329896,"z":-0.05324340611696243,"w":0.9429779052734375},"size":0.3064476251602173,"orthographic":false}