{"cameraMode":{"drawMode":0,"name":"Shaded","section":"Shading Mode"},"sceneLighting":true,"audioPlay":false,"sceneViewState":{"showFog":false,"showMaterialUpdate":false,"showSkybox":true,"showFlares":true,"showImageEffects":true,"showParticleSystems":true},"in2DMode":false,"pivot":{"x":0.9147613048553467,"y":3.390362024307251,"z":-15.479655265808106},"rotation":{"x":-0.24076515436172486,"y":0.655877411365509,"z":-0.2334958165884018,"w":-0.6762667298316956},"size":13.302557945251465,"orthographic":false}