{"cameraMode":{"drawMode":0,"name":"Shaded","section":"Shading Mode"},"sceneLighting":true,"audioPlay":false,"sceneViewState":{"showFog":false,"showMaterialUpdate":false,"showSkybox":true,"showFlares":true,"showImageEffects":true,"showParticleSystems":true},"in2DMode":false,"pivot":{"x":3.953869342803955,"y":2.8120312690734865,"z":-17.913002014160158},"rotation":{"x":0.3197859227657318,"y":0.3167659044265747,"z":-0.11438895761966706,"w":0.8856136798858643},"size":8.463926315307618,"orthographic":false}