{"cameraMode":{"drawMode":0,"name":"Shaded","section":"Shading Mode"},"sceneLighting":false,"audioPlay":false,"sceneViewState":{"showFog":false,"showMaterialUpdate":false,"showSkybox":true,"showFlares":true,"showImageEffects":true,"showParticleSystems":true},"in2DMode":false,"pivot":{"x":2.5673789978027345,"y":4.311437606811523,"z":-15.2969970703125},"rotation":{"x":-0.21769513189792634,"y":0.1837710291147232,"z":-0.041765615344047549,"w":-0.9576495885848999},"size":1.9550813436508179,"orthographic":false}