{"cameraMode":{"drawMode":0,"name":"Shaded","section":"Shading Mode"},"sceneLighting":false,"audioPlay":false,"sceneViewState":{"showFog":false,"showMaterialUpdate":false,"showSkybox":true,"showFlares":true,"showImageEffects":true,"showParticleSystems":true},"in2DMode":false,"pivot":{"x":-1.1354618072509766,"y":0.14767783880233766,"z":0.004244387149810791},"rotation":{"x":-0.06946935504674912,"y":-0.5114059448242188,"z":0.04152383282780647,"w":-0.8555195927619934},"size":5.256722927093506,"orthographic":false}