{"cameraMode":{"drawMode":0,"name":"Shaded","section":"Shading Mode"},"sceneLighting":true,"audioPlay":false,"sceneViewState":{"showFog":false,"showMaterialUpdate":false,"showSkybox":true,"showFlares":true,"showImageEffects":true,"showParticleSystems":true},"in2DMode":false,"pivot":{"x":0.9147613048553467,"y":3.390362024307251,"z":-15.479655265808106},"rotation":{"x":-0.18773989379405976,"y":0.040349237620830539,"z":-0.007711851969361305,"w":-0.9813594222068787},"size":1134.1761474609375,"orthographic":false}