{"cameraMode":{"drawMode":0,"name":"Shaded","section":"Shading Mode"},"sceneLighting":false,"audioPlay":false,"sceneViewState":{"showFog":false,"showMaterialUpdate":false,"showSkybox":true,"showFlares":true,"showImageEffects":true,"showParticleSystems":true},"in2DMode":false,"pivot":{"x":2.5168111324310304,"y":2.076106309890747,"z":-20.724756240844728},"rotation":{"x":-0.23078322410583497,"y":-0.1791927069425583,"z":0.04329337552189827,"w":-0.9553819894790649},"size":0.7661198377609253,"orthographic":false}